ID;event;event_number;mp;Source;lineupcat_id;event_number_old;event_number_new
HCME_A__20200415_01;0;1;0;-;MULTI_2020-04-14_01;116;147
2020-04-14T21:54:00-CME-001;3;1;0;-;MULTI_2020-04-14_01;116;147
ICME_SOLO_MOESTL_20200419_01;1;1;1;-;MULTI_2020-04-14_01;116;147
ICME_Wind_MOESTL_20200420_01;1;1;1;-;MULTI_2020-04-14_01;116;147
ICME_BEPI_MOESTL_20200420_01;1;1;1;-;MULTI_2020-04-14_01;116;147
HCME_A__20200526_01;0;2;0;S40W05;MULTI_2020-05-26_01;115;146
2020-05-26T00:39:00-CME-001;3;2;0;S40W05;MULTI_2020-05-26_01;115;146
ICME_Wind_MOESTL_20200529_01;1;2;2;S40W05;MULTI_2020-05-26_01;115;146
ICME_BEPI_MOESTL_20200529_01;1;2;2;S40W05;MULTI_2020-05-26_01;115;146
HCME_A__20200527_01;0;3;0;-;MULTI_2020-05-27_01;114;145
2020-05-30T02:12:00-CME-001;3;3;0;-;MULTI_2020-05-27_01;114;145
ICME_STEREO_A_MOESTL_20200603_01;1;3;0;-;MULTI_2020-05-27_01;114;145
HCME_A__20200623_01;0;4;0;S20W08;MULTI_2020-06-22_01;113;144
2020-06-22T15:09:00-CME-001;3;4;0;S20W08;MULTI_2020-06-22_01;113;144
ICME_PSP_MOESTL_20200625_01;1;4;3;S20W08;MULTI_2020-06-22_01;113;144
ICME_BEPI_MOESTL_20200629_01;1;4;3;S20W08;MULTI_2020-06-22_01;113;144
ICME_Wind_MOESTL_20200630_01;1;4;3;S20W08;MULTI_2020-06-22_01;113;144
HCME_A__20200706_01;0;5;0;-;MULTI_2020-07-05_01;112;143
2020-07-05T14:24:00-CME-001;3;5;0;-;MULTI_2020-07-05_01;112;143
ICME_STEREO_A_MOESTL_20200709_01;1;5;0;-;MULTI_2020-07-05_01;112;143
HCME_A__20200709_01;0;6;0;-;MULTI_2020-07-09_01;111;142
ICME_Wind_MOESTL_20200713_01;1;6;0;-;MULTI_2020-07-09_01;111;142
HCME_A__20200719_01;0;7;0;-;MULTI_2020-07-19_01;110;141
ICME_BEPI_MOESTL_20200723_01;1;7;4;;MULTI_2020-07-19_01;110;141
ICME_Wind_MOESTL_20200724_01;1;7;4;-;MULTI_2020-07-19_01;110;141
HCME_A__20200816_01;0;8;0;S30E30;MULTI_2020-08-16_01;109;140
2020-08-16T18:24:00-CME-001;3;8;0;S30E30;MULTI_2020-08-16_01;109;140
ICME_STEREO_A_MOESTL_20200819_01;1;8;0;S30E30;MULTI_2020-08-16_01;109;140
HCME_A__20200908_01;0;9;0;N00W40;MULTI_2020-09-07_01;108;139
2020-09-07T18:48:00-CME-001;3;9;0;N00W40;MULTI_2020-09-07_01;108;139
ICME_PSP_MOESTL_20200912_01;1;9;0;N00W40;MULTI_2020-09-07_01;108;139
HCME_A__20200930_01;0;10;0;-;MULTI_2020-09-30_01;107;138
ICME_Wind_MOESTL_20201005_01;1;10;0;-;MULTI_2020-09-30_01;107;138
HCME_A__20201006_01;0;11;0;-;MULTI_2020-10-06_01;106;137
2020-10-06T06:24:00-CME-001;3;11;0;-;MULTI_2020-10-06_01;106;137
ICME_BEPI_MOESTL_20201008_01;1;11;0;-;MULTI_2020-10-06_01;106;137
HCME_A__20201007_01;0;12;0;;MULTI_2020-10-07_01;105;136
ICME_BEPI_MOESTL_20201010_01;1;12;0;-;MULTI_2020-10-07_01;105;136
HCME_A__20201026_01;0;13;0;-;MULTI_2020-10-26_01;104;135
2020-10-27T03:39:00-CME-001;3;13;0;-;MULTI_2020-10-26_01;104;135
ICME_Wind_MOESTL_20201101_01;1;13;0;-;MULTI_2020-10-26_01;104;135
2020-11-29T13:24:00-CME-001;3;14;0;S23E97;MULTI_2020-11-29_01;103;134
ICME_PSP_MOESTL_20201201_01;1;14;5;S23E97;MULTI_2020-11-29_01;103;134
ICME_STEREO_A_MOESTL_20201201_01;1;14;5;S23E97;MULTI_2020-11-29_01;103;134
HCME_A__20201129_01;0;15;0;N35E30;MULTI_2020-11-29_02;102;133
HCME_A__20201201_01;0;15;0;N35E30;MULTI_2020-11-29_02;102;133
2020-12-01T07:12:00-CME-001;3;15;0;N35E30;MULTI_2020-11-29_02;102;133
ICME_STEREO_A_MOESTL_20201203_01;1;15;0;N35E30;MULTI_2020-11-29_02;102;133
HCME_A__20210211_01;0;16;0;-;MULTI_2021-02-11_01;101;132
ICME_Wind_MOESTL_20210215_01;1;16;0;-;MULTI_2021-02-11_01;101;132
HCME_A__20210220_01;0;17;0;-;MULTI_2021-02-20_01;100;131
2021-02-21T01:48:00-CME-001;3;17;0;-;MULTI_2021-02-20_01;100;131
ICME_STEREO_A_MOESTL_20210223_01;1;17;6;-;MULTI_2021-02-20_01;100;131
ICME_Wind_MOESTL_20210224_01;1;17;6;-;MULTI_2021-02-20_01;100;131
HCME_A__20210322_01;0;18;0;-;MULTI_2021-03-22_01;99;130
ICME_Wind_MOESTL_20210326_01;1;18;0;-;MULTI_2021-03-22_01;99;130
HCME_A__20210331_01;0;19;0;-;MULTI_2021-03-31_01;98;129
2021-03-30T17:38:00-CME-001;3;19;0;-;MULTI_2021-03-31_01;98;129
ICME_Wind_MOESTL_20210404_01;1;19;7;-;MULTI_2021-03-31_01;98;129
ICME_STEREO_A_MOESTL_20210406_01;1;19;7;-;MULTI_2021-03-31_01;98;129
HCME_A__20210410_01;0;20;0;-;MULTI_2021-04-10_01;97;128
2021-04-10T06:53:00-CME-001;3;20;0;-;MULTI_2021-04-10_01;97;128
ICME_Wind_MOESTL_20210415_01;1;20;0;-;MULTI_2021-04-10_01;97;128
HCME_A__20210425_01;0;21;0;S24W45;MULTI_2021-04-25_01;96;127
2021-04-25T02:54:00-CME-001;3;21;0;S24W45;MULTI_2021-04-25_01;96;127
ICME_Wind_MOESTL_20210429_01;1;21;0;S24W45;MULTI_2021-04-25_01;96;127
HCME_A__20210427_01;0;22;0;S50W05;MULTI_2021-04-26_01;95;126
2021-04-26T19:39:00-CME-001;3;22;0;S50W05;MULTI_2021-04-26_01;95;126
ICME_Wind_MOESTL_20210501_01;1;22;0;S50W05;MULTI_2021-04-26_01;95;126
HCME_A__20210430_01;0;23;0;-;MULTI_2021-04-29_01;94;125
2021-04-29T19:24:00-CME-001;3;23;0;-;MULTI_2021-04-29_01;94;125
ICME_PSP_MOESTL_20210430_01;1;23;8;;MULTI_2021-04-29_01;94;125
ICME_STEREO_A_MOESTL_20210504_01;1;23;8;-;MULTI_2021-04-29_01;94;125
ICME_BEPI_MOESTL_20210508_01;1;24;9;;MULTI_2021-05-08_01;93;124
ICME_SOLO_MOESTL_20210510_01;1;24;9;;MULTI_2021-05-08_01;93;124
HCME_A__20210509_01;0;25;0;S20E10;MULTI_2021-05-09_01;92;123
2021-05-09T11:23:00-CME-001;3;25;0;S20E10;MULTI_2021-05-09_01;92;123
ICME_Wind_MOESTL_20210512_01;1;25;0;S20E10;MULTI_2021-05-09_01;92;123
ICME_Wind_MOESTL_20210526_01;1;26;10;-;MULTI_2021-05-26_01;91;122
ICME_STEREO_A_MOESTL_20210526_01;1;26;10;-;MULTI_2021-05-26_01;91;122
HCME_A__20210526_01;0;27;0;S40W50;MULTI_2021-05-25_01;90;121
2021-05-25T19:00:00-CME-001;3;27;0;S40W50;MULTI_2021-05-25_01;90;121
ICME_PSP_MOESTL_20210528_01;1;27;0;S40W50;MULTI_2021-05-25_01;90;121
HCME_A__20210529_01;0;28;0;N19W68;MULTI_2021-05-28_01;89;120
2021-05-28T23:12:00-CME-001;3;28;0;N19W68;MULTI_2021-05-28_01;89;120
ICME_PSP_MOESTL_20210530_01;1;28;0;N19W68;MULTI_2021-05-28_01;89;120
HCME_A__20210609_02;0;29;0;-;MULTI_2021-06-09_01;88;119
ICME_PSP_MOESTL_20210612_01;1;29;0;-;MULTI_2021-06-09_01;88;119
HCME_A__20210616_01;0;30;0;S22E12;MULTI_2021-06-15_01;87;118
2021-06-15T04:24:00-CME-001;3;30;0;S22E12;MULTI_2021-06-15_01;87;118
ICME_STEREO_A_MOESTL_20210619_01;1;30;0;S22E12;MULTI_2021-06-15_01;87;118
HCME_A__20210620_01;0;31;0;-;MULTI_2021-06-20_01;86;117
ICME_PSP_MOESTL_20210624_01;1;31;0;-;MULTI_2021-06-20_01;86;117
HCME_A__20210627_01;0;32;0;-;MULTI_2021-06-27_01;85;116
2021-06-27T05:45:00-CME-001;3;32;0;-;MULTI_2021-06-27_01;85;116
ICME_PSP_MOESTL_20210630_01;1;32;0;-;MULTI_2021-06-27_01;85;116
2021-06-26T23:12:00-CME-001;3;33;0;-;MULTI_2021-06-26_01;84;115
ICME_BEPI_MOESTL_20210630_01;1;33;11;-;MULTI_2021-06-26_01;84;115
ICME_SOLO_MOESTL_20210630_01;1;33;11;-;MULTI_2021-06-26_01;84;115
HCME_A__20210707_01;0;34;0;N17W50;MULTI_2021-07-07_01;83;114
2021-07-07T16:24:00-CME-001;3;34;0;N17W50;MULTI_2021-07-07_01;83;114
ICME_PSP_MOESTL_20210711_01;1;34;0;N17W50;MULTI_2021-07-07_01;83;114
ICME_BEPI_MOESTL_20210725_01;1;35;12;;MULTI_2021-07-25_01;82;113
ICME_SOLO_MOESTL_20210726_01;1;35;12;;MULTI_2021-07-25_01;82;113
HCME_A__20210801_01;0;36;0;-;MULTI_2021-07-31_01;81;112
2021-07-31T17:38:00-CME-001;3;36;0;-;MULTI_2021-07-31_01;81;112
ICME_Wind_MOESTL_20210806_01;1;36;0;-;MULTI_2021-07-31_01;81;112
HCME_A__20210823_01;0;37;0;-;MULTI_2021-08-23_01;80;111
2021-08-23T06:36:00-CME-001;3;37;0;-;MULTI_2021-08-23_01;80;111
ICME_Wind_MOESTL_20210827_01;1;37;0;-;MULTI_2021-08-23_01;80;111
HCME_A__20210905_01;0;38;0;N21E06;MULTI_2021-09-04_01;79;110
2021-09-04T23:53:00-CME-001;3;38;0;N21E06;MULTI_2021-09-04_01;79;110
ICME_Wind_MOESTL_20210910_01;1;38;0;N21E06;MULTI_2021-09-04_01;79;110
HCME_A__20210906_01;0;39;0;-;MULTI_2021-09-05_01;78;109
2021-09-05T21:36:00-CME-001;3;39;0;-;MULTI_2021-09-05_01;78;109
ICME_Wind_MOESTL_20210910_02;1;39;0;-;MULTI_2021-09-05_01;78;109
ICME_PSP_MOESTL_20210912_01;1;40;13;-;MULTI_2021-09-12_01;77;108
ICME_STEREO_A_MOESTL_20210913_01;1;40;13;-;MULTI_2021-09-12_01;77;108
HCME_A__20210913_01;0;41;0;-;MULTI_2021-09-13_01;76;107
2021-09-13T10:36:00-CME-001;3;41;0;-;MULTI_2021-09-13_01;76;107
ICME_Wind_MOESTL_20210917_01;1;41;0;-;MULTI_2021-09-13_01;76;107
HCME_A__20210928_01;0;42;0;S27W45;MULTI_2021-09-28_01;75;106
2021-09-28T07:00:00-CME-001;3;42;0;S27W45;MULTI_2021-09-28_01;75;106
ICME_Wind_MOESTL_20211001_01;1;42;0;S27W45;MULTI_2021-09-28_01;75;106
HCME_A__20211002_01;0;43;0;-;MULTI_2021-10-01_01;74;105
2021-10-01T16:12:00-CME-001;3;43;0;-;MULTI_2021-10-01_01;74;105
ICME_SOLO_MOESTL_20211004_01;1;43;14;-;MULTI_2021-10-01_01;74;105
ICME_Wind_MOESTL_20211006_01;1;43;14;-;MULTI_2021-10-01_01;74;105
HCME_A__20211007_01;0;44;0;S20W10;MULTI_2021-10-07_01;73;104
2021-10-06T17:38:00-CME-001;3;44;0;S20W10;MULTI_2021-10-07_01;73;104
ICME_Wind_MOESTL_20211012_01;1;44;0;S20W10;MULTI_2021-10-07_01;73;104
HCME_A__20211012_01;0;45;0;N16W30;MULTI_2021-10-12_01;72;103
2021-10-12T03:24:00-CME-001;3;45;0;N16W30;MULTI_2021-10-12_01;72;103
ICME_SOLO_MOESTL_20211014_01;1;45;0;N16W30;MULTI_2021-10-12_01;72;103
HCME_A__20211019_01;0;46;0;-;MULTI_2021-10-19_01;71;102
2021-10-19T05:00:00-CME-001;3;46;0;-;MULTI_2021-10-19_01;71;102
ICME_BEPI_MOESTL_20211020_01;1;46;0;-;MULTI_2021-10-19_01;71;102
HCME_A__20211028_01;0;47;0;S26E04;MULTI_2021-10-28_01;70;101
2021-10-28T15:53:00-CME-001;3;47;0;S26E04;MULTI_2021-10-28_01;70;101
ICME_SOLO_MOESTL_20211030_01;1;47;15;S26E04;MULTI_2021-10-28_01;70;101
ICME_Wind_MOESTL_20211031_01;1;47;15;S26E04;MULTI_2021-10-28_01;70;101
HCME_A__20211101_01;0;48;0;S28W48;MULTI_2021-11-01_01;69;100
HCME_A__20211102_01;0;48;0;N17E03;MULTI_2021-11-01_01;69;100
2021-11-01T18:38:00-CME-001;3;48;0;S28W58;MULTI_2021-11-01_01;69;100
2021-11-02T02:48:00-CME-001;3;48;0;N17E03;MULTI_2021-11-01_01;69;100
ICME_SOLO_MOESTL_20211103_01;1;48;16;S28W58/N17E03;MULTI_2021-11-01_01;69;100
ICME_Wind_MOESTL_20211103_01;1;48;16;S28W58/N17E03;MULTI_2021-11-01_01;69;100
HCME_A__20211104_01;0;49;0;S26W90;MULTI_2021-11-03_01;68;99
2021-11-03T21:48:00-CME-001;3;49;0;S26W90;MULTI_2021-11-03_01;68;99
ICME_BEPI_MOESTL_20211105_01;1;49;0;S26W90;MULTI_2021-11-03_01;68;99
2021-11-07T15:05:00-CME-001;3;50;0;N20E70;MULTI_2021-11-07_01;67;98
ICME_PSP_MOESTL_20211109_01;1;50;17;N20E70;MULTI_2021-11-07_01;67;98
ICME_STEREO_A_MOESTL_20211111_01;1;50;17;N20E70;MULTI_2021-11-07_01;67;98
HCME_A__20211124_01;0;51;0;-;MULTI_2021-11-24_01;66;97
2021-11-24T14:09:00-CME-001;3;51;0;-;MULTI_2021-11-24_01;66;97
ICME_SOLO_MOESTL_20211127_01;1;51;18;-;MULTI_2021-11-24_01;66;97
ICME_Wind_MOESTL_20211127_01;1;51;18;-;MULTI_2021-11-24_01;66;97
HCME_A__20220122_01;0;52;0;-;MULTI_2022-01-22_01;65;96
ICME_SOLO_MOESTL_20220125_01;1;52;19;-;MULTI_2022-01-22_01;65;96
ICME_STEREO_A_MOESTL_20220125_01;1;52;19;-;MULTI_2022-01-22_01;65;96
HCME_A__20220130_01;0;53;0;N17E10;MULTI_2022-01-29_01;64;95
2022-01-29T23:36:00-CME-001;3;53;0;N17E10;MULTI_2022-01-29_01;64;95
ICME_Wind_MOESTL_20220201_01;1;53;20;N17E10;MULTI_2022-01-29_01;64;95
ICME_STEREO_A_MOESTL_20220202_01;1;53;20;N17E10;MULTI_2022-01-29_01;64;95
HCME_A__20220206_01;0;54;0;S21W06;MULTI_2022-02-06_01;63;94
2022-02-06T14:09:00-CME-001;3;54;0;S21W06;MULTI_2022-02-06_01;63;94
ICME_Wind_MOESTL_20220209_01;1;54;0;S21W06;MULTI_2022-02-06_01;63;94
HCME_A__20220307_01;0;55;0;N17W28;MULTI_2022-03-07_01;62;93
2022-03-07T00:12:00-CME-001;3;55;0;N17W28;MULTI_2022-03-07_01;62;93
ICME_SOLO_MOESTL_20220308_01;1;55;21;N17W28;MULTI_2022-03-07_01;62;93
ICME_Wind_MOESTL_20220310_01;1;55;21;N17W28;MULTI_2022-03-07_01;62;93
HCME_A__20220310_01;0;56;0;N12W12;MULTI_2022-03-10_01;61;92
2022-03-10T19:23:00-CME-001;3;56;0;N12W12;MULTI_2022-03-10_01;61;92
ICME_SOLO_MOESTL_20220311_01;1;56;22;N12W12;MULTI_2022-03-10_01;61;92
ICME_Wind_MOESTL_20220313_01;1;56;22;N12W12;MULTI_2022-03-10_01;61;92
HCME_A__20220328_01;0;57;0;N12W01;MULTI_2022-03-28_01;60;91
2022-03-28T12:09:00-CME-001;3;57;0;N12W01;MULTI_2022-03-28_01;60;91
ICME_BEPI_MOESTL_20220329_01;1;57;23;N12W01;MULTI_2022-03-28_01;60;91
ICME_Wind_MOESTL_20220331_01;1;57;23;N12W01;MULTI_2022-03-28_01;60;91
HCME_A__20220404_01;0;58;0;S25E20;MULTI_2022-04-04_01;59;90
2022-04-04T22:12:00-CME-001;3;58;0;S25E20;MULTI_2022-04-04_01;59;90
ICME_Wind_MOESTL_20220408_01;1;58;0;S25E20;MULTI_2022-04-04_01;59;90
HCME_A__20220409_01;0;59;0;-;MULTI_2022-04-09_01;58;89
2022-04-09T09:12:00-CME-001;3;59;0;-;MULTI_2022-04-09_01;58;89
ICME_Wind_MOESTL_20220413_01;1;59;0;-;MULTI_2022-04-09_01;58;89
HCME_A__20220411_01;0;60;0;S15E05;MULTI_2022-04-11_01;57;88
2022-04-11T06:00:00-CME-001;3;60;0;S15E05;MULTI_2022-04-11_01;57;88
ICME_BEPI_MOESTL_20220413_01;1;60;24;S15E05;MULTI_2022-04-11_01;57;88
ICME_Wind_MOESTL_20220414_01;1;60;24;S15E05;MULTI_2022-04-11_01;57;88
HCME_A__20220416_01;0;61;0;-;MULTI_2022-04-16_01;56;87
2022-04-16T11:54:00-CME-001;3;61;0;-;MULTI_2022-04-16_01;56;87
ICME_PSP_MOESTL_20220418_01;1;61;0;-;MULTI_2022-04-16_01;56;87
HCME_A__20220602_01;0;62;0;S35W40;MULTI_2022-06-02_01;55;86
2022-06-02T06:09:00-CME-001;3;62;0;S35W40;MULTI_2022-06-02_01;55;86
ICME_BEPI_MOESTL_20220603_01;1;62;25;S35W40;MULTI_2022-06-02_01;55;86
ICME_Wind_MOESTL_20220606_01;1;62;25;S35W40;MULTI_2022-06-02_01;55;86
HCME_A__20220605_01;0;63;0;S35W50;MULTI_2022-06-05_01;54;85
2022-06-05T14:12:00-CME-001;3;63;0;S35W50;MULTI_2022-06-05_01;54;85
ICME_BEPI_MOESTL_20220607_01;1;63;0;S35W50;MULTI_2022-06-05_01;54;85
HCME_A__20220627_01;0;64;0;S30E09;MULTI_2022-06-26_01;53;84
2022-06-26T18:23:00-CME-001;3;64;0;S30E09;MULTI_2022-06-26_01;53;84
ICME_Wind_MOESTL_20220702_01;1;64;0;S30E09;MULTI_2022-06-26_01;53;84
HCME_A__20220703_02;0;65;0;-;MULTI_2022-07-03_01;52;83
2022-07-03T03:09:00-CME-001;3;65;0;-;MULTI_2022-07-03_01;52;83
ICME_Wind_MOESTL_20220707_01;1;65;0;-;MULTI_2022-07-03_01;52;83
HCME_A__20220708_02;0;66;0;-;MULTI_2022-07-08_01;51;82
ICME_STEREO_A_MOESTL_20220710_01;1;66;0;-;MULTI_2022-07-08_01;51;82
HCME_A__20220711_01;0;67;0;S20W100;MULTI_2022-07-11_01;50;81
2022-07-11T13:09:00-CME-001;3;67;0;S20W100;MULTI_2022-07-11_01;50;81
ICME_SOLO_MOESTL_20220713_01;1;67;0;S20W100;MULTI_2022-07-11_01;50;81
HCME_A__20220716_01;0;68;0;-;MULTI_2022-07-16_01;49;80
ICME_PSP_MOESTL_20220718_01;1;68;0;-;MULTI_2022-07-16_01;49;80
HCME_A__20220721_01;0;69;0;N13W04;MULTI_2022-07-21_01;48;79
2022-07-21T01:48:00-CME-001;3;69;0;N13W04;MULTI_2022-07-21_01;48;79
ICME_STEREO_A_MOESTL_20220722_01;1;69;0;N13W04;MULTI_2022-07-21_01;48;79
HCME_A__20220723_01;0;70;0;-;MULTI_2022-07-23_01;47;78
ICME_SOLO_MOESTL_20220725_01;1;70;0;-;MULTI_2022-07-23_01;47;78
HCME_A__20220817_01;0;71;0;S23W25;MULTI_2022-08-17_01;46;77
2022-08-17T14:53:00-CME-001;3;71;0;S23W25;MULTI_2022-08-17_01;46;77
ICME_PSP_MOESTL_20220818_01;1;71;0;S23W25;MULTI_2022-08-17_01;46;77
HCME_A__20220828_01;0;72;0;S27W85;MULTI_2022-08-28_01;45;76
2022-08-28T16:23:00-CME-001;3;72;0;S27W85;MULTI_2022-08-28_01;45;76
ICME_PSP_MOESTL_20220829_01;1;72;0;S27W85;MULTI_2022-08-28_01;45;76
HCME_A__20220830_01;0;73;0;-;MULTI_2022-08-31_01;44;75
ICME_SOLO_MOESTL_20220831_01;1;73;0;-;MULTI_2022-08-31_01;44;75
HCME_A__20220905_01;0;74;0;-;MULTI_2022-09-05_01;43;74
2022-09-05T16:36:00-CME-001;3;74;0;-;MULTI_2022-09-05_01;43;74
ICME_PSP_MOESTL_20220905_01;1;74;26;-;MULTI_2022-09-05_01;43;74
ICME_SOLO_MOESTL_20220906_01;1;74;26;-;MULTI_2022-09-05_01;43;74
HCME_A__20221103_01;0;75;0;-;MULTI_2022-11-03_01;42;73
ICME_Wind_MOESTL_20221107_01;1;75;0;-;MULTI_2022-11-03_01;42;73
HCME_A__20221114_01;0;76;0;-;MULTI_2022-11-14_01;41;72
ICME_Wind_MOESTL_20221119_01;1;76;0;-;MULTI_2022-11-14_01;41;72
2022-12-24T02:48:00-CME-001;3;77;0;N20E28;MULTI_2022-12-24_01;40;71
ICME_SOLO_MOESTL_20221226_01;1;77;27;N20E28;MULTI_2022-12-24_01;40;71
ICME_STEREO_A_MOESTL_20221226_01;1;77;27;N20E28;MULTI_2022-12-24_01;40;71
HCME_A__20221231_01;0;78;0;N18E08;MULTI_2022-12-30_01;39;70
2022-12-30T16:53:00-CME-001;3;78;0;N18E08;MULTI_2022-12-30_01;39;70
ICME_Wind_MOESTL_20230103_01;1;78;28;N18E08;MULTI_2022-12-30_01;39;70
ICME_STEREO_A_MOESTL_20230104_01;1;78;28;N18E08;MULTI_2022-12-30_01;39;70
HCME_A__20230124_01;0;79;0;-;MULTI_2023-01-24_01;38;69
ICME_BEPI_MOESTL_20230125_01;1;79;0;-;MULTI_2023-01-24_01;38;69
2023-02-18T02:48:00-CME-001;3;80;29;;MULTI_2023-02-18_01;37;68
ICME_BEPI_MOESTL_20230218_02;1;80;29;;MULTI_2023-02-18_01;37;68
ICME_PSP_MOESTL_20230219_01;1;80;29;;MULTI_2023-02-18_01;37;68
HCME_A__20230313_01;0;81;0;-;MULTI_2023-03-13_01;36;67
2023-03-13T03:36:00-CME-001;3;81;0;-;MULTI_2023-03-13_01;36;67
ICME_PSP_MOESTL_20230313_01;1;81;0;-;MULTI_2023-03-13_01;36;67
2023-03-12T19:24:00-CME-001;3;82;0;S25E20;MULTI_2023-03-12_01;35;66
ICME_BEPI_MOESTL_20230313_01;1;82;30;S25E20;MULTI_2023-03-12_01;35;66
ICME_SOLO_MOESTL_20230314_01;1;82;30;S25E20;MULTI_2023-03-12_01;35;66
ICME_STEREO_A_MOESTL_20230315_01;1;82;30;S25E20;MULTI_2023-03-12_01;35;66
ICME_Wind_MOESTL_20230315_01;1;82;30;S25E20;MULTI_2023-03-12_01;35;66
ICME_SOLO_MOESTL_20230321_01;1;83;31;-;MULTI_2023-03-21_01;34;65
ICME_STEREO_A_WEILER_20230322_01;1;83;31;-;MULTI_2023-03-21_01;34;65
ICME_Wind_MOESTL_20230323_01;1;83;31;-;MULTI_2023-03-21_01;34;65
HCME_A__20230416_01;0;84;0;-;MULTI_2023-04-16_01;33;64
ICME_Wind_WEILER_20230418_01;1;84;32;-;MULTI_2023-04-16_01;33;64
ICME_STEREO_A_WEILER_20230420_01;1;84;32;-;MULTI_2023-04-16_01;33;64
HCME_A__20230421_02;0;85;0;S21W12;MULTI_2023-04-21_01;32;63
2023-04-21T18:12:00-CME-001;3;85;0;S21W12;MULTI_2023-04-21_01;32;63
ICME_BEPI_MOESTL_20230422_01;1;85;33;S21W12;MULTI_2023-04-21_01;32;63
ICME_STEREO_A_WEILER_20230423_01;1;85;33;S21W12;MULTI_2023-04-21_01;32;63
ICME_Wind_WEILER_20230423_01;1;85;33;S21W12;MULTI_2023-04-21_01;32;63
HCME_A__20230428_01;0;86;0;S20W90;MULTI_2023-04-28_01;31;62
2023-04-28T11:11:00-CME-001;3;86;0;S20W90;MULTI_2023-04-28_01;31;62
ICME_PSP_MOESTL_20230430_01;1;86;0;S20W90;MULTI_2023-04-28_01;31;62
HCME_A__20230501_01;0;87;0;-;MULTI_2023-05-01_01;30;61
ICME_SOLO_MOESTL_20230502_01;1;87;0;-;MULTI_2023-05-01_01;30;61
HCME_A__20230508_01;0;88;0;N17W07;MULTI_2023-05-07_01;29;60
2023-05-07T23:12:00-CME-001;3;88;0;N17W07;MULTI_2023-05-07_01;29;60
ICME_BEPI_MOESTL_20230509_01;1;88;0;N17W07;MULTI_2023-05-07_01;29;60
HCME_A__20230513_01;0;89;0;N15W76;MULTI_2023-05-13_01;28;59
2023-05-13T00:12:00-CME-001;3;89;0;N15W76;MULTI_2023-05-13_01;28;59
ICME_PSP_MOESTL_20230515_01;1;89;0;N15W76;MULTI_2023-05-13_01;28;59
HCME_A__20230516_01;0;90;0;-;MULTI_2023-05-16_01;27;58
2023-05-16T17:48:00-CME-001;3;90;0;-;MULTI_2023-05-16_01;27;58
ICME_PSP_MOESTL_20230518_01;1;90;0;-;MULTI_2023-05-16_01;27;58
HCME_A__20230609_01;0;91;0;S15W80;MULTI_2023-06-08_01;26;57
2023-06-08T21:12:00-CME-001;3;91;0;S15W80;MULTI_2023-06-08_01;26;57
ICME_BEPI_MOESTL_20230610_01;1;91;34;S15W80;MULTI_2023-06-08_01;26;57
ICME_PSP_MOESTL_20230611_01;1;91;34;S15W80;MULTI_2023-06-08_01;26;57
HCME_A__20230624_01;0;92;0;-;MULTI_2023-06-24_01;25;56
ICME_SOLO_MOESTL_20230626_01;1;92;0;-;MULTI_2023-06-24_01;25;56
HCME_A__20230710_01;0;93;0;S13W49;MULTI_2023-07-10_01;24;55
2023-07-10T04:00:00-CME-001;3;93;0;S13W49;MULTI_2023-07-10_01;24;55
ICME_PSP_MOESTL_20230711_01;1;93;0;S13W49;MULTI_2023-07-10_01;24;55
HCME_A__20230712_01;0;94;0;S35E05;MULTI_2023-07-11_01;23;54
2023-07-11T19:24:00-CME-001;3;94;0;S35E05;MULTI_2023-07-11_01;23;54
ICME_STEREO_A_WEILER_20230714_01;1;94;0;S35E05;MULTI_2023-07-11_01;23;54
HCME_A__20230714_01;0;95;0;S23W25;MULTI_2023-07-14_01;22;53
2023-07-14T10:18:00-CME-001;3;95;0;S23W25;MULTI_2023-07-14_01;22;53
ICME_PSP_MOESTL_20230716_01;1;95;35;S23W25;MULTI_2023-07-14_01;22;53
ICME_STEREO_A_WEILER_20230716_01;1;95;35;S23W25;MULTI_2023-07-14_01;22;53
HCME_A__20230718_01;0;96;0;S25W73;MULTI_2023-07-17_01;21;52
2023-07-17T23:36:00-CME-001;3;96;0;S25W73;MULTI_2023-07-17_01;21;52
ICME_PSP_MOESTL_20230719_01;1;96;0;S25W73;MULTI_2023-07-17_01;21;52
HCME_A__20230722_01;0;97;0;-;MULTI_2023-07-22_01;20;51
2023-07-22T05:00:00-CME-001;3;97;0;-;MULTI_2023-07-22_01;20;51
ICME_SOLO_MOESTL_20230724_01;1;97;0;-;MULTI_2023-07-22_01;20;51
HCME_A__20230723_01;0;98;0;N23W33;MULTI_2023-07-23_01;19;50
2023-07-23T15:05:00-CME-001;3;98;0;N23W33;MULTI_2023-07-23_01;19;50
ICME_PSP_MOESTL_20230725_01;1;98;0;N23W33;MULTI_2023-07-23_01;19;50
HCME_A__20230727_01;0;99;0;-;MULTI_2023-07-27_01;18;49
ICME_STEREO_A_WEILER_20230801_01;1;99;36;-;MULTI_2023-07-27_01;18;49
ICME_Wind_MOESTL_20230801_01;1;99;36;-;MULTI_2023-07-27_01;18;49
HCME_A__20230802_01;0;100;0;-;MULTI_2023-08-02_01;17;48
ICME_STEREO_A_MOESTL_20230804_01;1;100;37;-;MULTI_2023-08-02_01;17;48
ICME_Wind_MOESTL_20230805_01;1;100;37;-;MULTI_2023-08-02_01;17;48
HCME_A__20230804_01;0;101;0;N12W46;MULTI_2023-08-04_01;16;47
2023-08-04T04:17:00-CME-001;3;101;0;N12W46;MULTI_2023-08-04_01;16;47
ICME_PSP_MOESTL_20230806_01;1;101;0;N12W46;MULTI_2023-08-04_01;16;47
HCME_A__20230831_01;0;102;0;N15W15;MULTI_2023-08-30_01;15;46
2023-08-30T22:12:00-CME-001;3;102;0;N15W15;MULTI_2023-08-30_01;15;46
ICME_PSP_MOESTL_20230901_01;1;102;0;N15W15;MULTI_2023-08-30_01;15;46
HCME_A__20230907_01;0;103;0;-;MULTI_2023-09-07_01;14;45
2023-09-07T02:12:00-CME-001;3;103;0;-;MULTI_2023-09-07_01;14;45
ICME_PSP_MOESTL_20230910_01;1;103;38;-;MULTI_2023-09-07_01;14;45
ICME_STEREO_A_MOESTL_20230912_01;1;103;38;-;MULTI_2023-09-07_01;14;45
ICME_Wind_MOESTL_20230912_01;1;103;38;-;MULTI_2023-09-07_01;14;45
ICME_STEREO_A_MOESTL_20230918_01;1;104;39;-;MULTI_2023-09-18_01;13;44
ICME_Wind_MOESTL_20230918_01;1;104;39;-;MULTI_2023-09-18_01;13;44
ICME_STEREO_A_MOESTL_20230919_01;1;105;40;-;MULTI_2023-09-19_01;12;43
ICME_Wind_MOESTL_20230919_01;1;105;40;-;MULTI_2023-09-19_01;12;43
HCME_A__20230919_01;0;106;0;-;MULTI_2023-09-19_02;11;42
ICME_BEPI_MOESTL_20230922_01;1;106;0;-;MULTI_2023-09-19_02;11;42
HCME_A__20230922_01;0;107;0;N17E25;MULTI_2023-09-22_02;10;41
2023-09-22T02:24:00-CME-001;3;107;0;N17E25;MULTI_2023-09-22_02;10;41
ICME_PSP_MOESTL_20230922_01;1;107;41;N17E25;MULTI_2023-09-22_02;10;41
ICME_STEREO_A_MOESTL_20230924_01;1;107;41;N17E25;MULTI_2023-09-22_02;10;41
ICME_Wind_MOESTL_20230924_01;1;107;41;N17E25;MULTI_2023-09-22_02;10;41
HCME_A__20231010_01;0;108;0;-;MULTI_2023-10-10_01;9;40
2023-10-10T10:24:00-CME-001;3;108;0;-;MULTI_2023-10-10_01;9;40
ICME_SOLO_MOESTL_20231010_01;1;108;0;-;MULTI_2023-10-10_01;9;40
HCME_A__20231016_01;0;109;0;N13E47;MULTI_2023-10-16_01;8;39
2023-10-16T12:09:00-CME-001;3;109;0;N13E47;MULTI_2023-10-16_01;8;39
ICME_SOLO_MOESTL_20231017_01;1;109;0;N13E47;MULTI_2023-10-16_01;8;39
ICME_SOLO_MOESTL_20231103_01;1;110;42;;MULTI_2023-11-03_01;7;38
ICME_STEREO_A_MOESTL_20231104_01;1;110;42;-;MULTI_2023-11-03_01;7;38
ICME_Wind_MOESTL_20231104_01;1;110;42;-;MULTI_2023-11-03_01;7;38
ICME_SOLO_MOESTL_20231104_01;1;111;43;-;MULTI_2023-11-04_01;37;37
ICME_Wind_MOESTL_20231105_01;1;111;43;-;MULTI_2023-11-04_01;37;37
ICME_STEREO_A_MOESTL_20231105_01;1;111;43;-;MULTI_2023-11-04_01;37;37
ICME_SOLO_MOESTL_20231104_02;1;112;44;-;MULTI_2023-11-05_01;36;36
ICME_Wind_MOESTL_20231105_02;1;112;44;-;MULTI_2023-11-05_01;36;36
ICME_STEREO_A_MOESTL_20231105_02;1;112;44;-;MULTI_2023-11-05_01;36;36
HCME_A__20231109_01;0;113;0;S10W10;MULTI_2023-11-09_01;35;35
2023-11-09T12:23:00-CME-001;3;113;0;S10W10;MULTI_2023-11-09_01;35;35
ICME_SOLO_MOESTL_20231111_01;1;113;45;S10W10;MULTI_2023-11-09_01;35;35
ICME_Wind_MOESTL_20231113_01;1;113;45;S10W10;MULTI_2023-11-09_01;35;35
ICME_STEREO_A_MOESTL_20231113_01;1;113;45;S10W10;MULTI_2023-11-09_01;35;35
ICME_STEREO_A_MOESTL_20231201_01;1;114;46;-;MULTI_2023-12-01_01;34;34
ICME_Wind_MOESTL_20231201_01;1;114;46;-;MULTI_2023-12-01_01;34;34
HCME_A__20231205_01;0;115;0;-;MULTI_2023-12-05_01;33;33
ICME_SOLO_MOESTL_20231211_01;1;115;0;-;MULTI_2023-12-05_01;33;33
2023-12-13T00:00:00-CME-001;3;116;0;N06W19;MULTI_2023-12-13_01;32;32
ICME_STEREO_A_MOESTL_20231215_01;1;116;47;N06W19;MULTI_2023-12-13_01;32;32
ICME_Wind_MOESTL_20231215_01;1;116;47;N06W19;MULTI_2023-12-13_01;32;32
HCME_A__20231214_01;0;117;0;N05W54;MULTI_2023-12-14_01;31;31
2023-12-14T17:38:00-CME-001;3;117;0;N05W54;MULTI_2023-12-14_01;31;31
ICME_Wind_MOESTL_20231217_01;1;117;0;N05W54;MULTI_2023-12-14_01;31;31
HCME_A__20240120_01;0;118;0;S15E15;MULTI_2024-01-20_01;30;30
2024-01-20T09:24:00-CME-001;3;118;0;S15E15;MULTI_2024-01-20_01;30;30
ICME_SOLO_MOESTL_20240121_01;1;118;0;S15E15;MULTI_2024-01-20_01;30;30
HCME_A__20240206_02;0;119;0;-;MULTI_2024-02-06_01;29;29
2024-02-06T12:00:00-CME-001;3;119;0;-;MULTI_2024-02-06_01;29;29
ICME_PSP_MOESTL_20240208_01;1;119;0;-;MULTI_2024-02-06_01;29;29
2024-02-21T18:36:00-CME-001;3;119;0;N05W40;MULTI_2024-02-21_01;28;28
ICME_Wind_MOESTL_20240224_01;1;119;48;N05W40;MULTI_2024-02-21_01;28;28
ICME_STEREO_A_MOESTL_20240225_01;1;119;48;N05W40;MULTI_2024-02-21_01;28;28
HCME_A__20240228_01;0;120;0;S16E30;MULTI_2024-02-28_01;27;27
2024-02-28T09:24:00-CME-001;3;120;0;S16E30;MULTI_2024-02-28_01;27;27
ICME_STEREO_A_MOESTL_20240303_01;1;121;49;-;MULTI_2024-03-03_01;26;26
ICME_STEREO_A_MOESTL_20240303_02;1;121;49;-;MULTI_2024-03-03_01;26;26
ICME_Wind_MOESTL_20240303_01;1;121;49;-;MULTI_2024-03-03_01;26;26
ICME_SOLO_MOESTL_20240318_01;1;122;50;-;MULTI_2024-03-18_01;25;25
ICME_Wind_MOESTL_20240321_01;1;122;50;-;MULTI_2024-03-18_01;25;25
ICME_SOLO_MOESTL_20240323_01;1;123;51;-;MULTI_2024-03-23_01;24;24
ICME_Wind_MOESTL_20240324_01;1;123;51;-;MULTI_2024-03-23_01;24;24
ICME_STEREO_A_MOESTL_20240324_01;1;123;51;-;MULTI_2024-03-23_01;24;24
ICME_STEREO_A_MOESTL_20240429_01;1;124;52;-;MULTI_2024-04-29_01;23;23
ICME_Wind_MOESTL_20240430_01;1;124;52;-;MULTI_2024-04-29_01;23;23
ICME_STEREO_A_MOESTL_20240510_01;1;125;53;-;MULTI_2024-05-10_01;22;22
ICME_Wind_MOESTL_20240510_01;1;125;53;-;MULTI_2024-05-10_01;22;22
ICME_STEREO_A_MOESTL_20240510_02;1;126;54;-;MULTI_2024-05-10_02;21;21
ICME_Wind_MOESTL_20240510_02;1;126;54;-;MULTI_2024-05-10_02;21;21
ICME_STEREO_A_MOESTL_20240510_03;1;127;55;-;MULTI_2024-05-10_03;20;20
ICME_Wind_MOESTL_20240511_01;1;127;55;-;MULTI_2024-05-10_03;20;20
ICME_STEREO_A_MOESTL_20240511_01;1;128;56;-;MULTI_2024-05-11_01;19;19
ICME_Wind_MOESTL_20240511_03;1;128;56;-;MULTI_2024-05-11_01;19;19
HCME_A__20240520_01;0;129;0;-;MULTI_2024-05-20_01;18;18
2024-05-20T05:36:00-CME-001;3;129;0;-;MULTI_2024-05-20_01;18;18
ICME_SOLO_MOESTL_20240521_01;1;129;0;-;MULTI_2024-05-20_01;18;18
HCME_A__20240613_01;0;130;0;-;MULTI_2024-06-13_01;17;17
ICME_Wind_MOESTL_20240615_01;1;130;0;-;MULTI_2024-06-13_01;17;17
HCME_A__20240617_01;0;131;0;-;MULTI_2024-06-17_01;16;16
2024-06-17T08:24:00-CME-001;3;131;0;-;MULTI_2024-06-17_01;16;16
ICME_SOLO_MOESTL_20240619_01;1;131;0;-;MULTI_2024-06-17_01;16;16
HCME_A__20240721_01;0;132;0;N15E20;MULTI_2024-07-21_01;15;15
2024-07-21T16:48:00-CME-001;3;132;0;N15E20;MULTI_2024-07-21_01;15;15
ICME_Wind_MOESTL_20240723_01;1;132;0;N15E20;MULTI_2024-07-21_01;15;15
HCME_A__20240727_01;0;133;0;-;MULTI_2024-07-27_01;14;14
ICME_PSP_MOESTL_20240729_01;1;133;0;-;MULTI_2024-07-27_01;14;14
ICME_PSP_MOESTL_20240811_01;1;134;57;-;MULTI_2024-08-11_01;13;13
ICME_PSP_MOESTL_20240811_02;1;134;57;-;MULTI_2024-08-11_01;13;13
ICME_Wind_MOESTL_20240810_01;1;134;57;-;MULTI_2024-08-11_01;13;13
HCME_A__20240814_01;0;135;0;-;MULTI_2024-08-14_01;12;12
2024-08-14T08:23:00-CME-001;3;135;0;-;MULTI_2024-08-14_01;12;12
ICME_Wind_MOESTL_20240817_01;1;135;0;-;MULTI_2024-08-14_01;12;12
ICME_PSP_MOESTL_20240826_01;1;136;58;-;MULTI_2024-08-26_01;11;11
ICME_Wind_MOESTL_20240827_01;1;136;58;-;MULTI_2024-08-26_01;11;11
ICME_PSP_MOESTL_20240911_01;1;137;59;-;MULTI_2024-09-11_01;10;10
ICME_Wind_MOESTL_20240912_02;1;137;59;-;MULTI_2024-09-11_01;10;10
ICME_PSP_MOESTL_20240915_01;1;138;60;-;MULTI_2024-09-15_01;9;9
ICME_Wind_MOESTL_20240916_01;1;138;60;-;MULTI_2024-09-15_01;9;9
HCME_A__20240930_01;0;139;0;-;MULTI_2024-09-30_01;8;8
ICME_SOLO_MOESTL_20240930_01;1;139;0;-;MULTI_2024-09-30_01;8;8
HCME_A__20241003_01;0;140;0;-;MULTI_2024-10-03_01;7;7
ICME_PSP_MOESTL_20241004_01;1;140;61;-;MULTI_2024-10-03_01;7;7
ICME_SOLO_MOESTL_20241004_01;1;140;61;-;MULTI_2024-10-03_01;7;7
HCME_A__20241008_01;0;141;0;-;MULTI_2024-10-08_01;6;6
ICME_Wind_MOESTL_20241010_01;1;141;0;-;MULTI_2024-10-08_01;6;6
HCME_A__20241009_01;0;142;0;-;MULTI_2024-10-09_01;5;5
ICME_SOLO_MOESTL_20241009_01;1;142;0;-;MULTI_2024-10-09_01;5;5
HCME_A__20241011_01;0;143;0;-;MULTI_2024-10-11_01;4;4
ICME_SOLO_MOESTL_20241012_01;1;143;0;-;MULTI_2024-10-11_01;4;4
ICME_SOLO_MOESTL_20241107_01;1;144;62;-;MULTI_2024-11-07_01;3;3
ICME_Wind_MOESTL_20241108_01;1;144;62;-;MULTI_2024-11-07_01;3;3
ICME_SOLO_MOESTL_20241107_02;1;145;63;-;MULTI_2024-11-07_02;2;2
ICME_Wind_MOESTL_20241108_02;1;145;63;-;MULTI_2024-11-07_02;2;2
HCME_A__20241215_01;0;146;0;-;MULTI_2024-12-15_01;1;1
ICME_Wind_MOESTL_20241217_01;1;146;0;-;MULTI_2024-12-15_01;1;1